"Timestamp","I need a quiet place to study","How do you find a place to study?
(Other: add as many additional features as you like)","What features are important for your study spot?
(Other: add as many additional features as you like)","Any other suggestions?"
"2023/02/01 3:49:55 PM CST","absolutely","go to common study spots, Library, CS Lounge, etc","Needs to have a power plug;quiet!!",""
"2023/02/01 4:01:44 PM CST","absolutely","go to common study spots, Library, CS Lounge, etc","Needs to have a power plug;A small enclosed space with no distractions",""
"2023/02/01 4:12:31 PM CST","I'm okay with conversational level noise","go to common study spots, Library, CS Lounge, etc","Needs to have a power plug;A big table space",""
"2023/02/01 4:13:20 PM CST","I'm okay with conversational level noise","go to common study spots, Library, CS Lounge, etc;My room.","Needs to have a power plug;A big table space",""
"2023/02/01 4:22:12 PM CST","I'm okay with conversational level noise","walk around campus until I find a spot;go to common study spots, Library, CS Lounge, etc","Needs to have a power plug",""
"2023/02/01 4:42:32 PM CST","I'm okay with conversational level noise","walk around campus until I find a spot;go to common study spots, Library, CS Lounge, etc;Go home","Needs to have a power plug;A big table space","Access to refreshments and bathroom "
"2023/02/01 4:45:19 PM CST","I'm okay with conversational level noise","walk around campus until I find a spot;go to common study spots, Library, CS Lounge, etc","Needs to have a power plug;Comfortable seating",""
"2023/02/01 4:45:43 PM CST","absolutely","go to common study spots, Library, CS Lounge, etc;stay in dorm room","Needs to have a power plug;I need to have other CS students or TAs around whom I can talk to;A small enclosed space with no distractions","n/a"
"2023/02/01 4:51:02 PM CST","absolutely","go to common study spots, Library, CS Lounge, etc","Needs to have a power plug;A small enclosed space with no distractions;An empty classroom;QUIET",""
"2023/02/01 4:51:45 PM CST","I got noise cancelling headphones, so noise doesn't bother me","walk around campus until I find a spot","Needs to have a power plug",""
"2023/02/01 5:10:22 PM CST","I'm okay with conversational level noise","walk around campus until I find a spot;ask a friend to suggest a spot;go to common study spots, Library, CS Lounge, etc;uic reddit","Needs to have a power plug;Ability to eat in the space",""
"2023/02/01 5:22:09 PM CST","I'm okay with conversational level noise","go to common study spots, Library, CS Lounge, etc","Needs to have a power plug;A big table space",""
"2023/02/01 5:29:13 PM CST","I'm okay with conversational level noise","walk around campus until I find a spot;go to common study spots, Library, CS Lounge, etc","Needs to have a power plug;A big table space;A small enclosed space with no distractions",""
"2023/02/01 6:17:14 PM CST","I'm okay with conversational level noise","walk around campus until I find a spot","Needs to have a power plug;A small enclosed space with no distractions;An empty classroom",""
"2023/02/01 7:00:56 PM CST","I'm okay with conversational level noise","walk around campus until I find a spot","Needs to have a power plug;A big table space;A small enclosed space with no distractions;An empty classroom",""
"2023/02/01 7:06:34 PM CST","absolutely","walk around campus until I find a spot;go to common study spots, Library, CS Lounge, etc","A big table space",""
"2023/02/01 7:07:17 PM CST","absolutely","go to common study spots, Library, CS Lounge, etc","Needs to have a power plug;A big table space;A small enclosed space with no distractions",""
"2023/02/01 7:18:35 PM CST","absolutely","walk around campus until I find a spot","Needs to have a power plug;A small enclosed space with no distractions",""
"2023/02/01 8:09:53 PM CST","I'm okay with conversational level noise","go to common study spots, Library, CS Lounge, etc;study at home","Needs to have a power plug;A big table space",""
"2023/02/01 8:38:26 PM CST","I'm okay with conversational level noise","walk around campus until I find a spot","Needs to have a power plug;A small enclosed space with no distractions;A place with a whiteboard",""
"2023/02/01 8:45:55 PM CST","absolutely","walk around campus until I find a spot;go to common study spots, Library, CS Lounge, etc","Needs to have a power plug;A big table space",""
"2023/02/01 9:23:19 PM CST","absolutely","go to common study spots, Library, CS Lounge, etc","Needs to have a power plug;An empty classroom;A place with a whiteboard",""
"2023/02/01 11:18:32 PM CST","I got noise cancelling headphones, so noise doesn't bother me","walk around campus until I find a spot;go to common study spots, Library, CS Lounge, etc","Needs to have a power plug;A small enclosed space with no distractions",""
"2023/02/02 12:13:11 AM CST","I'm okay with conversational level noise","walk around campus until I find a spot;go to common study spots, Library, CS Lounge, etc","Needs to have a power plug;A big table space;An empty classroom",""
"2023/02/02 12:39:36 AM CST","I study at home","go to common study spots, Library, CS Lounge, etc","nothing other than a seat and preferably a desk",""
"2023/02/02 10:27:41 AM CST","I'm okay with conversational level noise","go to common study spots, Library, CS Lounge, etc","Needs to have a power plug;I need to have other CS students or TAs around whom I can talk to;A big table space",""
"2023/02/03 12:25:48 AM CST","absolutely","go to common study spots, Library, CS Lounge, etc","Needs to have a power plug;A small enclosed space with no distractions",""